url	handle	kind	bucket
https://x.com/ReturnDriver/status/2107874420740305308	ReturnDriver	reply	no-claim
https://x.com/ReturnDriver/status/2107873528108523662	ReturnDriver	reply	no-claim
https://x.com/ReturnDriver/status/2107872705563570539	ReturnDriver	original	digest
https://x.com/ReturnDriver/status/2107828764810023124	ReturnDriver	reply	no-claim
https://x.com/ReturnDriver/status/2107828626892984691	ReturnDriver	original	digest
https://x.com/ReturnDriver/status/2107738746213016061	ReturnDriver	reply	no-claim
https://x.com/ReturnDriver/status/2107734648520626366	ReturnDriver	reply	kr-midsmall
https://x.com/ReturnDriver/status/2107734569508360486	ReturnDriver	reply	no-claim
https://x.com/ReturnDriver/status/2107734461559513273	ReturnDriver	reply	no-claim
https://x.com/ReturnDriver/status/2107734400008114592	ReturnDriver	reply	no-claim
https://x.com/ReturnDriver/status/2107730433270333665	ReturnDriver	reply	no-claim
https://x.com/ReturnDriver/status/2107730373916631413	ReturnDriver	reply	no-claim
https://x.com/ReturnDriver/status/2107727509391585526	ReturnDriver	original	digest
https://x.com/ReturnDriver/status/2107703827994755247	ReturnDriver	reply	no-claim
https://x.com/ReturnDriver/status/2107701125558514096	ReturnDriver	reply	kr-midsmall
https://x.com/ReturnDriver/status/2107696898887090338	ReturnDriver	reply	no-claim
https://x.com/ReturnDriver/status/2107695948038377863	ReturnDriver	reply	no-claim
https://x.com/ReturnDriver/status/2107694278826971260	ReturnDriver	reply	no-claim
https://x.com/ReturnDriver/status/2107692785717617076	ReturnDriver	reply	no-claim
https://x.com/ReturnDriver/status/2107681612930666702	ReturnDriver	reply	no-claim
https://x.com/ReturnDriver/status/2107676624544248286	ReturnDriver	original	kr-midsmall
https://x.com/ReturnDriver/status/2107675404983283907	ReturnDriver	original	digest
https://x.com/ReturnDriver/status/2107639193656869086	ReturnDriver	original	kr-midsmall
https://x.com/ReturnDriver/status/2107632684881322431	ReturnDriver	original	digest
https://x.com/blazingbees/status/2108039578087198914	blazingbees	reply	no-claim
https://x.com/blazingbees/status/2108039540355244287	blazingbees	reply	no-claim
https://x.com/blazingbees/status/2108039417135055235	blazingbees	reply	no-claim
https://x.com/blazingbees/status/2108038702840877378	blazingbees	reply	no-claim
https://x.com/blazingbees/status/2108038661266932122	blazingbees	reply	no-claim
https://x.com/blazingbees/status/2108033476087910769	blazingbees	reply	no-claim
https://x.com/blazingbees/status/2108033201969283479	blazingbees	reply	no-claim
https://x.com/blazingbees/status/2108033033387622703	blazingbees	reply	no-claim
https://x.com/blazingbees/status/2108027647687356882	blazingbees	reply	no-claim
https://x.com/blazingbees/status/2108022470368502070	blazingbees	reply	no-claim
https://x.com/blazingbees/status/2108021297427177801	blazingbees	reply	no-claim
https://x.com/blazingbees/status/2108021241412247803	blazingbees	reply	digest
https://x.com/blazingbees/status/2108021103679660347	blazingbees	reply	no-claim
https://x.com/blazingbees/status/2108021075213013440	blazingbees	reply	no-claim
https://x.com/blazingbees/status/2108020741941960889	blazingbees	reply	digest
https://x.com/blazingbees/status/2108018565718921227	blazingbees	reply	no-claim
https://x.com/blazingbees/status/2108018513332019672	blazingbees	reply	no-claim
https://x.com/blazingbees/status/2108018454188245161	blazingbees	reply	no-claim
https://x.com/blazingbees/status/2108018341046804903	blazingbees	reply	no-claim
https://x.com/blazingbees/status/2108018225321820615	blazingbees	reply	no-claim
https://x.com/blazingbees/status/2108018108451746029	blazingbees	reply	no-claim
https://x.com/blazingbees/status/2108018069306310862	blazingbees	reply	no-claim
https://x.com/blazingbees/status/2108017279757918719	blazingbees	quote	digest
https://x.com/blazingbees/status/2107997164224037113	blazingbees	reply	no-claim
https://x.com/blazingbees/status/2107997100864950673	blazingbees	reply	no-claim
https://x.com/blazingbees/status/2107997002621649053	blazingbees	reply	no-claim
https://x.com/blazingbees/status/2107986338264019057	blazingbees	reply	no-claim
https://x.com/blazingbees/status/2107986297046659339	blazingbees	reply	no-claim
https://x.com/blazingbees/status/2107986263315984659	blazingbees	reply	no-claim
https://x.com/blazingbees/status/2107980274126692376	blazingbees	reply	no-claim
https://x.com/blazingbees/status/2107979853798740248	blazingbees	reply	no-claim
https://x.com/blazingbees/status/2107975366988239199	blazingbees	reply	no-claim
https://x.com/blazingbees/status/2107974868407115990	blazingbees	reply	no-claim
https://x.com/blazingbees/status/2107974536406958266	blazingbees	original	already
https://x.com/blazingbees/status/2107967898912501760	blazingbees	original	already
https://x.com/blazingbees/status/2107965498940068039	blazingbees	reply	no-claim
https://x.com/blazingbees/status/2107861539810320535	blazingbees	reply	no-claim
https://x.com/blazingbees/status/2107861481861837258	blazingbees	reply	no-claim
https://x.com/blazingbees/status/2107861206199607499	blazingbees	reply	no-claim
https://x.com/blazingbees/status/2107860877731152313	blazingbees	reply	no-claim
https://x.com/blazingbees/status/2107860777998921888	blazingbees	reply	no-claim
https://x.com/blazingbees/status/2107860680737186236	blazingbees	reply	no-claim
https://x.com/blazingbees/status/2107850132926710141	blazingbees	reply	no-claim
https://x.com/blazingbees/status/2107850085833097247	blazingbees	reply	no-claim
https://x.com/blazingbees/status/2107847369576554658	blazingbees	reply	no-claim
https://x.com/blazingbees/status/2107847216144724039	blazingbees	reply	no-claim
https://x.com/blazingbees/status/2107845970063229133	blazingbees	reply	no-claim
https://x.com/blazingbees/status/2107845594144477342	blazingbees	reply	no-claim
https://x.com/blazingbees/status/2107845494332703090	blazingbees	reply	no-claim
https://x.com/blazingbees/status/2107845220620779641	blazingbees	quote	keep
https://x.com/blazingbees/status/2107841575967670749	blazingbees	reply	no-claim
https://x.com/blazingbees/status/2107838821962522751	blazingbees	reply	no-claim
https://x.com/blazingbees/status/2107838116547698720	blazingbees	reply	no-claim
https://x.com/blazingbees/status/2107831719290388907	blazingbees	reply	kr-midsmall
https://x.com/blazingbees/status/2107830919021371803	blazingbees	original	digest
https://x.com/blazingbees/status/2107829732805075451	blazingbees	reply	no-claim
https://x.com/blazingbees/status/2107828398131388452	blazingbees	reply	no-claim
https://x.com/blazingbees/status/2107824327064445302	blazingbees	reply	no-claim
https://x.com/blazingbees/status/2107824162844844096	blazingbees	reply	no-claim
https://x.com/blazingbees/status/2107824035715489820	blazingbees	reply	no-claim
https://x.com/blazingbees/status/2107822799339581778	blazingbees	reply	no-claim
https://x.com/blazingbees/status/2107822240679285204	blazingbees	original	kr-midsmall
https://x.com/blazingbees/status/2107809779397914870	blazingbees	original	digest
https://x.com/blazingbees/status/2107800648104415346	blazingbees	reply	no-claim
https://x.com/blazingbees/status/2107800430030033186	blazingbees	reply	no-claim
https://x.com/blazingbees/status/2107800276468175142	blazingbees	reply	no-claim
https://x.com/blazingbees/status/2107787513326977449	blazingbees	reply	no-claim
https://x.com/blazingbees/status/2107786335528669243	blazingbees	reply	no-claim
https://x.com/blazingbees/status/2107783036049957155	blazingbees	reply	no-claim
https://x.com/blazingbees/status/2107782974045561161	blazingbees	reply	no-claim
https://x.com/blazingbees/status/2107775157473554731	blazingbees	reply	no-claim
https://x.com/blazingbees/status/2107773124112781624	blazingbees	reply	no-claim
https://x.com/blazingbees/status/2107772994181620114	blazingbees	reply	no-claim
https://x.com/blazingbees/status/2107765929690153120	blazingbees	reply	no-claim
https://x.com/blazingbees/status/2107765880226775503	blazingbees	reply	no-claim
https://x.com/blazingbees/status/2107765844793237988	blazingbees	reply	no-claim
https://x.com/blazingbees/status/2107753469071474764	blazingbees	reply	no-claim
https://x.com/blazingbees/status/2107753437802959070	blazingbees	reply	no-claim
https://x.com/blazingbees/status/2107753153487855803	blazingbees	reply	no-claim
https://x.com/blazingbees/status/2107745079356252184	blazingbees	reply	no-claim
https://x.com/blazingbees/status/2107745049333424381	blazingbees	reply	digest
https://x.com/blazingbees/status/2107744742486552945	blazingbees	reply	no-claim
https://x.com/blazingbees/status/2107744712056836496	blazingbees	quote	digest
https://x.com/blazingbees/status/2107736235297198468	blazingbees	reply	no-claim
https://x.com/blazingbees/status/2107735273186684966	blazingbees	reply	no-claim
https://x.com/blazingbees/status/2107733664977359265	blazingbees	original	digest
https://x.com/blazingbees/status/2107731328619929977	blazingbees	reply	no-claim
https://x.com/blazingbees/status/2107726305383137781	blazingbees	reply	no-claim
https://x.com/blazingbees/status/2107724117382496556	blazingbees	reply	no-claim
https://x.com/blazingbees/status/2107722789356708344	blazingbees	quote	already
https://x.com/blazingbees/status/2107715023930089530	blazingbees	reply	no-claim
https://x.com/blazingbees/status/2107714453525643337	blazingbees	reply	no-claim
https://x.com/blazingbees/status/2107714382780391589	blazingbees	reply	no-claim
https://x.com/blazingbees/status/2107713406811935111	blazingbees	reply	no-claim
https://x.com/blazingbees/status/2107713362729824339	blazingbees	reply	no-claim
https://x.com/blazingbees/status/2107698410912702904	blazingbees	reply	no-claim
https://x.com/blazingbees/status/2107698328981164239	blazingbees	reply	no-claim
https://x.com/blazingbees/status/2107698259863195917	blazingbees	reply	no-claim
https://x.com/blazingbees/status/2107698165940125804	blazingbees	reply	no-claim
https://x.com/blazingbees/status/2107698104665518570	blazingbees	reply	no-claim
https://x.com/blazingbees/status/2107698003167564064	blazingbees	reply	no-claim
https://x.com/blazingbees/status/2107697789329383826	blazingbees	reply	no-claim
https://x.com/blazingbees/status/2107697687030333733	blazingbees	reply	no-claim
https://x.com/blazingbees/status/2107697629576724799	blazingbees	reply	no-claim
https://x.com/blazingbees/status/2107697558755922175	blazingbees	reply	no-claim
https://x.com/blazingbees/status/2107697478686707813	blazingbees	reply	no-claim
https://x.com/blazingbees/status/2107694659384569892	blazingbees	original	digest
https://x.com/blazingbees/status/2107693410459250862	blazingbees	reply	no-claim
https://x.com/blazingbees/status/2107693361436233745	blazingbees	reply	no-claim
https://x.com/blazingbees/status/2107693306125906137	blazingbees	reply	no-claim
https://x.com/blazingbees/status/2107693249255415842	blazingbees	reply	no-claim
https://x.com/blazingbees/status/2107693214618808641	blazingbees	reply	no-claim
https://x.com/blazingbees/status/2107693175435677697	blazingbees	reply	no-claim
https://x.com/blazingbees/status/2107692957428339167	blazingbees	reply	no-claim
https://x.com/blazingbees/status/2107692580964364434	blazingbees	reply	no-claim
https://x.com/blazingbees/status/2107677462276849790	blazingbees	reply	no-claim
https://x.com/blazingbees/status/2107672899675099646	blazingbees	reply	no-claim
https://x.com/blazingbees/status/2107671161702347252	blazingbees	reply	no-claim
https://x.com/blazingbees/status/2107670921461064100	blazingbees	reply	no-claim
https://x.com/blazingbees/status/2107670691411890423	blazingbees	reply	no-claim
https://x.com/blazingbees/status/2107670605889958163	blazingbees	reply	no-claim
https://x.com/blazingbees/status/2107670367343133109	blazingbees	reply	no-claim
https://x.com/blazingbees/status/2107669678420365460	blazingbees	reply	no-claim
https://x.com/blazingbees/status/2107665718389178573	blazingbees	reply	no-claim
https://x.com/blazingbees/status/2107665655751410135	blazingbees	reply	no-claim
https://x.com/blazingbees/status/2107665575816339682	blazingbees	reply	no-claim
https://x.com/blazingbees/status/2107665532019429887	blazingbees	reply	no-claim
https://x.com/blazingbees/status/2107665468245053943	blazingbees	reply	no-claim
https://x.com/blazingbees/status/2107665333633134907	blazingbees	reply	no-claim
https://x.com/blazingbees/status/2107664003791306991	blazingbees	reply	no-claim
https://x.com/blazingbees/status/2107658540974579832	blazingbees	reply	no-claim
https://x.com/blazingbees/status/2107658444966900032	blazingbees	reply	no-claim
https://x.com/blazingbees/status/2107657825644355612	blazingbees	quote	digest
https://x.com/blazingbees/status/2107652777023611119	blazingbees	reply	no-claim
https://x.com/blazingbees/status/2107651804339273933	blazingbees	reply	no-claim
https://x.com/blazingbees/status/2107651628958699553	blazingbees	reply	no-claim
https://x.com/blazingbees/status/2107651585186931144	blazingbees	reply	no-claim
https://x.com/blazingbees/status/2107651543264809177	blazingbees	reply	no-claim
https://x.com/blazingbees/status/2107651480530698277	blazingbees	reply	no-claim
https://x.com/blazingbees/status/2107651141417005340	blazingbees	reply	no-claim
https://x.com/blazingbees/status/2107651082130464827	blazingbees	reply	no-claim
https://x.com/blazingbees/status/2107649232157217200	blazingbees	reply	no-claim
https://x.com/blazingbees/status/2107649015752085552	blazingbees	reply	no-claim
https://x.com/blazingbees/status/2107647432008126500	blazingbees	original	digest
https://x.com/blazingbees/status/2107640148666323366	blazingbees	reply	no-claim
https://x.com/blazingbees/status/2107638267114062191	blazingbees	reply	no-claim
https://x.com/blazingbees/status/2107638115758493902	blazingbees	reply	no-claim
https://x.com/blazingbees/status/2107638027619332206	blazingbees	reply	no-claim
https://x.com/blazingbees/status/2107636039137493237	blazingbees	reply	no-claim
https://x.com/blazingbees/status/2107635969394700477	blazingbees	reply	no-claim
https://x.com/blazingbees/status/2107635891829461196	blazingbees	reply	no-claim
https://x.com/blazingbees/status/2107635845566279855	blazingbees	reply	no-claim
https://x.com/citrini/status/2107963792911126748	citrini	reply	no-claim
https://x.com/citrini/status/2107963052754657281	citrini	original	digest
https://x.com/citrini/status/2107940111451349095	citrini	reply	no-claim
https://x.com/citrini/status/2107898970143940747	citrini	reply	digest
https://x.com/citrini/status/2107897320079765966	citrini	quote	digest
https://x.com/citrini/status/2107896762530685296	citrini	reply	no-claim
https://x.com/citrini/status/2107895505762054274	citrini	quote	digest
https://x.com/citrini/status/2107883028974624880	citrini	reply	no-claim
https://x.com/citrini/status/2107650881017807064	citrini	reply	digest
https://x.com/citrini/status/2107644937617719519	citrini	reply	digest
https://x.com/citrini/status/2107643104786563135	citrini	reply	no-claim
https://x.com/Liberty0918/status/2108040852828508544	Liberty0918	reply	no-claim
https://x.com/Liberty0918/status/2108021562276454666	Liberty0918	original	digest
https://x.com/Liberty0918/status/2108005213064085602	Liberty0918	quote	digest
https://x.com/Liberty0918/status/2108005110500732962	Liberty0918	reply	no-claim
https://x.com/Liberty0918/status/2108000586872553520	Liberty0918	quote	kr-midsmall
https://x.com/Liberty0918/status/2107998065974243418	Liberty0918	original	kr-midsmall
https://x.com/Liberty0918/status/2107996838280503780	Liberty0918	original	already
https://x.com/Liberty0918/status/2107984246547853728	Liberty0918	reply	no-claim
https://x.com/Liberty0918/status/2107710584032837707	Liberty0918	reply	no-claim
https://x.com/Liberty0918/status/2107700658455642610	Liberty0918	quote	kr-midsmall
https://x.com/Liberty0918/status/2107698783949840389	Liberty0918	original	teaser
https://x.com/Liberty0918/status/2107697920896327819	Liberty0918	original	kr-midsmall
https://x.com/Liberty0918/status/2107652177464529392	Liberty0918	reply	no-claim
https://x.com/Liberty0918/status/2107651246467465479	Liberty0918	quote	digest
https://x.com/Liberty0918/status/2107651127336702032	Liberty0918	reply	no-claim
https://x.com/Liberty0918/status/2107636361402658944	Liberty0918	quote	kr-midsmall
https://x.com/linekyu1/status/2108016247531332051	linekyu1	original	digest
https://x.com/linekyu1/status/2107819245375549732	linekyu1	reply	no-claim
https://x.com/linekyu1/status/2107752954547863624	linekyu1	reply	no-claim
https://x.com/linekyu1/status/2107683451730043304	linekyu1	reply	no-claim
https://x.com/linekyu1/status/2107683327226622174	linekyu1	reply	no-claim
https://x.com/NURadu_/status/2108039400173273207	NURadu_	reply	no-claim
https://x.com/NURadu_/status/2108038993753571587	NURadu_	reply	no-claim
https://x.com/NURadu_/status/2108029167308861580	NURadu_	reply	no-claim
https://x.com/NURadu_/status/2108029142126268759	NURadu_	reply	no-claim
https://x.com/NURadu_/status/2108028019453620523	NURadu_	original	already
https://x.com/NURadu_/status/2108020213300281557	NURadu_	original	digest
https://x.com/NURadu_/status/2108016199770808419	NURadu_	reply	no-claim
https://x.com/NURadu_/status/2108016090114908403	NURadu_	reply	no-claim
https://x.com/NURadu_/status/2108014868846788714	NURadu_	reply	no-claim
https://x.com/NURadu_/status/2108012573782347991	NURadu_	quote	digest
https://x.com/NURadu_/status/2108012378210304202	NURadu_	reply	no-claim
https://x.com/NURadu_/status/2108012246244925798	NURadu_	reply	no-claim
https://x.com/NURadu_/status/2108012032046096734	NURadu_	reply	no-claim
https://x.com/NURadu_/status/2108011875065831915	NURadu_	reply	no-claim
https://x.com/NURadu_/status/2108011508932477202	NURadu_	reply	no-claim
https://x.com/NURadu_/status/2108011461763268948	NURadu_	reply	no-claim
https://x.com/NURadu_/status/2108011419128234466	NURadu_	reply	no-claim
https://x.com/NURadu_/status/2108011398722965929	NURadu_	reply	no-claim
https://x.com/NURadu_/status/2108010485115507074	NURadu_	reply	no-claim
https://x.com/NURadu_/status/2108010401292312912	NURadu_	reply	no-claim
https://x.com/NURadu_/status/2108010381394558992	NURadu_	reply	no-claim
https://x.com/NURadu_/status/2108009519490170998	NURadu_	original	digest
https://x.com/NURadu_/status/2107998216574959893	NURadu_	reply	no-claim
https://x.com/NURadu_/status/2107998167811977590	NURadu_	reply	no-claim
https://x.com/NURadu_/status/2107997044623417469	NURadu_	original	teaser
https://x.com/NURadu_/status/2107991932949680207	NURadu_	reply	no-claim
https://x.com/NURadu_/status/2107991716225806480	NURadu_	reply	no-claim
https://x.com/NURadu_/status/2107991165836620170	NURadu_	quote	digest
https://x.com/NURadu_/status/2107991080625143912	NURadu_	reply	no-claim
https://x.com/NURadu_/status/2107990206930669640	NURadu_	original	digest
https://x.com/NURadu_/status/2107989096916562282	NURadu_	reply	no-claim
https://x.com/NURadu_/status/2107988894411379159	NURadu_	original	digest
https://x.com/NURadu_/status/2107972630225830046	NURadu_	quote	digest
https://x.com/NURadu_/status/2107971631134249027	NURadu_	reply	no-claim
https://x.com/NURadu_/status/2107971550234525925	NURadu_	reply	no-claim
https://x.com/NURadu_/status/2107971521184719336	NURadu_	reply	no-claim
https://x.com/NURadu_/status/2107971498485133362	NURadu_	reply	no-claim
https://x.com/NURadu_/status/2107967816427348029	NURadu_	reply	no-claim
https://x.com/NURadu_/status/2107967419373560001	NURadu_	quote	digest
https://x.com/NURadu_/status/2107966278975791470	NURadu_	original	digest
https://x.com/NURadu_/status/2107959847341949276	NURadu_	original	already
https://x.com/NURadu_/status/2107958700271120514	NURadu_	quote	digest
https://x.com/NURadu_/status/2107958515059089495	NURadu_	original	already
https://x.com/NURadu_/status/2107859001899934052	NURadu_	original	teaser
https://x.com/NURadu_/status/2107843349269073967	NURadu_	reply	no-claim
https://x.com/NURadu_/status/2107839707191349648	NURadu_	reply	no-claim
https://x.com/NURadu_/status/2107829546473193527	NURadu_	original	digest
https://x.com/NURadu_/status/2107825331315056900	NURadu_	reply	no-claim
https://x.com/NURadu_/status/2107824653544874055	NURadu_	reply	no-claim
https://x.com/NURadu_/status/2107820453301788950	NURadu_	reply	no-claim
https://x.com/NURadu_/status/2107820268534243437	NURadu_	reply	no-claim
https://x.com/NURadu_/status/2107820244479942687	NURadu_	reply	no-claim
https://x.com/NURadu_/status/2107807777175580743	NURadu_	original	digest
https://x.com/NURadu_/status/2107807321267290188	NURadu_	reply	no-claim
https://x.com/NURadu_/status/2107807107596833181	NURadu_	reply	no-claim
https://x.com/NURadu_/status/2107804180157259916	NURadu_	original	digest
https://x.com/NURadu_/status/2107803697812246881	NURadu_	reply	no-claim
https://x.com/NURadu_/status/2107803676819792204	NURadu_	reply	no-claim
https://x.com/NURadu_/status/2107803644926247138	NURadu_	reply	no-claim
https://x.com/NURadu_/status/2107803626383233339	NURadu_	reply	no-claim
https://x.com/NURadu_/status/2107802987859235253	NURadu_	original	digest
https://x.com/NURadu_/status/2107798131131990477	NURadu_	reply	no-claim
https://x.com/NURadu_/status/2107797987598684647	NURadu_	reply	no-claim
https://x.com/NURadu_/status/2107797935778099227	NURadu_	reply	no-claim
https://x.com/NURadu_/status/2107797919219024011	NURadu_	reply	no-claim
https://x.com/NURadu_/status/2107797146804396113	NURadu_	reply	no-claim
https://x.com/NURadu_/status/2107791154171572479	NURadu_	reply	no-claim
https://x.com/NURadu_/status/2107790841771372627	NURadu_	reply	no-claim
https://x.com/NURadu_/status/2107790799060840729	NURadu_	reply	no-claim
https://x.com/NURadu_/status/2107790752453734650	NURadu_	reply	no-claim
https://x.com/NURadu_/status/2107790725484253404	NURadu_	reply	no-claim
https://x.com/NURadu_/status/2107790632047747316	NURadu_	reply	no-claim
https://x.com/NURadu_/status/2107790615383843240	NURadu_	reply	no-claim
https://x.com/NURadu_/status/2107790385636663405	NURadu_	reply	no-claim
https://x.com/NURadu_/status/2107773791501987987	NURadu_	reply	no-claim
https://x.com/NURadu_/status/2107772829186056659	NURadu_	reply	no-claim
https://x.com/NURadu_/status/2107772495000641761	NURadu_	reply	no-claim
https://x.com/NURadu_/status/2107767751368695828	NURadu_	reply	no-claim
https://x.com/NURadu_/status/2107767657735057459	NURadu_	reply	no-claim
https://x.com/NURadu_/status/2107766241733845052	NURadu_	quote	digest
https://x.com/NURadu_/status/2107765142188683707	NURadu_	quote	digest
https://x.com/NURadu_/status/2107756579584106578	NURadu_	reply	keep
https://x.com/NURadu_/status/2107752149979668659	NURadu_	original	keep
https://x.com/NURadu_/status/2107734348443295792	NURadu_	reply	no-claim
https://x.com/NURadu_/status/2107734319699730537	NURadu_	reply	no-claim
https://x.com/NURadu_/status/2107734264083255569	NURadu_	reply	no-claim
https://x.com/NURadu_/status/2107734189089116564	NURadu_	reply	no-claim
https://x.com/NURadu_/status/2107730073529045032	NURadu_	reply	no-claim
https://x.com/NURadu_/status/2107722165223395695	NURadu_	quote	digest
https://x.com/NURadu_/status/2107714783030153591	NURadu_	reply	no-claim
https://x.com/NURadu_/status/2107713741697712181	NURadu_	reply	no-claim
https://x.com/NURadu_/status/2107713181091295268	NURadu_	original	digest
https://x.com/NURadu_/status/2107706055891526014	NURadu_	reply	digest
https://x.com/NURadu_/status/2107705448480805273	NURadu_	reply	no-claim
https://x.com/NURadu_/status/2107705351944688017	NURadu_	reply	no-claim
https://x.com/NURadu_/status/2107704168609956014	NURadu_	reply	no-claim
https://x.com/NURadu_/status/2107701364990390466	NURadu_	reply	no-claim
https://x.com/NURadu_/status/2107701337517699249	NURadu_	reply	no-claim
https://x.com/NURadu_/status/2107700763556467179	NURadu_	reply	no-claim
https://x.com/NURadu_/status/2107698994776559713	NURadu_	reply	no-claim
https://x.com/NURadu_/status/2107697132513931685	NURadu_	original	digest
https://x.com/NURadu_/status/2107694799969284211	NURadu_	reply	no-claim
https://x.com/NURadu_/status/2107694464760529294	NURadu_	original	digest
https://x.com/NURadu_/status/2107690845524906392	NURadu_	reply	no-claim
https://x.com/NURadu_/status/2107690519027654867	NURadu_	original	digest
https://x.com/NURadu_/status/2107688773916200982	NURadu_	reply	no-claim
https://x.com/NURadu_/status/2107688753162866863	NURadu_	reply	no-claim
https://x.com/NURadu_/status/2107680804197618149	NURadu_	original	digest
https://x.com/NURadu_/status/2107662780228923487	NURadu_	original	digest
https://x.com/NURadu_/status/2107648241563320606	NURadu_	original	digest
https://x.com/NURadu_/status/2107646303954247755	NURadu_	original	digest
https://x.com/NURadu_/status/2107627534515138782	NURadu_	original	digest
https://x.com/PSInvestor/status/2108038263617589489	psinvestor	reply	no-claim
https://x.com/PSInvestor/status/2108029113810514066	psinvestor	original	keep
https://x.com/PSInvestor/status/2108012793018691679	psinvestor	reply	no-claim
https://x.com/PSInvestor/status/2108012238271639701	psinvestor	reply	digest
https://x.com/PSInvestor/status/2108010797188468802	psinvestor	reply	no-claim
https://x.com/PSInvestor/status/2108010610005090583	psinvestor	reply	no-claim
https://x.com/PSInvestor/status/2108010497874542831	psinvestor	reply	already
https://x.com/PSInvestor/status/2108010035343462542	psinvestor	reply	digest
https://x.com/PSInvestor/status/2108009693767725240	psinvestor	reply	digest
https://x.com/PSInvestor/status/2107983945577157101	psinvestor	reply	no-claim
https://x.com/PSInvestor/status/2107983604785782941	psinvestor	reply	no-claim
https://x.com/PSInvestor/status/2107983239428424132	psinvestor	reply	digest
https://x.com/PSInvestor/status/2107980778290499797	psinvestor	reply	already
https://x.com/PSInvestor/status/2107976769370464627	psinvestor	quote	already
https://x.com/PSInvestor/status/2107974250636468634	psinvestor	quote	digest
https://x.com/PSInvestor/status/2107971844670460182	psinvestor	reply	digest
https://x.com/PSInvestor/status/2107970467781099967	psinvestor	original	digest
https://x.com/PSInvestor/status/2107966700796956774	psinvestor	reply	no-claim
https://x.com/PSInvestor/status/2107966578159738983	psinvestor	reply	no-claim
https://x.com/PSInvestor/status/2107966233585004993	psinvestor	reply	no-claim
https://x.com/PSInvestor/status/2107966147455025315	psinvestor	reply	no-claim
https://x.com/PSInvestor/status/2107964566944772234	psinvestor	quote	digest
https://x.com/PSInvestor/status/2107961960340050208	psinvestor	quote	already
https://x.com/PSInvestor/status/2107959387893665849	psinvestor	reply	digest
https://x.com/PSInvestor/status/2107956485892534392	psinvestor	quote	already
https://x.com/PSInvestor/status/2107952182758903820	psinvestor	reply	digest
https://x.com/PSInvestor/status/2107948958475747433	psinvestor	reply	no-claim
https://x.com/PSInvestor/status/2107944559061946428	psinvestor	reply	no-claim
https://x.com/PSInvestor/status/2107940061149065392	psinvestor	reply	no-claim
https://x.com/PSInvestor/status/2107940030136336694	psinvestor	reply	no-claim
https://x.com/PSInvestor/status/2107939986373025839	psinvestor	reply	no-claim
https://x.com/PSInvestor/status/2107939941766582321	psinvestor	reply	no-claim
https://x.com/PSInvestor/status/2107935555443200350	psinvestor	reply	no-claim
https://x.com/PSInvestor/status/2107933851733606620	psinvestor	reply	no-claim
https://x.com/PSInvestor/status/2107933609248346218	psinvestor	quote	already
https://x.com/PSInvestor/status/2107930853875875922	psinvestor	quote	keep
https://x.com/PSInvestor/status/2107926971841999101	psinvestor	reply	digest
https://x.com/PSInvestor/status/2107926743743144052	psinvestor	reply	no-claim
https://x.com/PSInvestor/status/2107925153590202425	psinvestor	reply	no-claim
https://x.com/PSInvestor/status/2107924780423029165	psinvestor	reply	no-claim
https://x.com/PSInvestor/status/2107921901192663505	psinvestor	reply	no-claim
https://x.com/PSInvestor/status/2107921811417788500	psinvestor	reply	no-claim
https://x.com/PSInvestor/status/2107921569150628349	psinvestor	reply	digest
https://x.com/PSInvestor/status/2107920043480850578	psinvestor	reply	no-claim
https://x.com/PSInvestor/status/2107918788503196133	psinvestor	reply	no-claim
https://x.com/PSInvestor/status/2107917727205892302	psinvestor	reply	no-claim
https://x.com/PSInvestor/status/2107916958775816652	psinvestor	reply	no-claim
https://x.com/PSInvestor/status/2107913869670879347	psinvestor	reply	no-claim
https://x.com/PSInvestor/status/2107909071169036335	psinvestor	reply	already
https://x.com/PSInvestor/status/2107909068484653336	psinvestor	quote	already
https://x.com/PSInvestor/status/2107902866505785414	psinvestor	reply	no-claim
https://x.com/PSInvestor/status/2107902437415940579	psinvestor	quote	already
https://x.com/PSInvestor/status/2107900091617214739	psinvestor	reply	no-claim
https://x.com/PSInvestor/status/2107898512746922417	psinvestor	original	digest
https://x.com/PSInvestor/status/2107897137585676449	psinvestor	reply	digest
https://x.com/PSInvestor/status/2107897015627923534	psinvestor	reply	no-claim
https://x.com/PSInvestor/status/2107896386683584828	psinvestor	reply	no-claim
https://x.com/PSInvestor/status/2107895629762679276	psinvestor	reply	no-claim
https://x.com/PSInvestor/status/2107893722226852191	psinvestor	quote	keep
https://x.com/PSInvestor/status/2107889945155355063	psinvestor	quote	digest
https://x.com/PSInvestor/status/2107888253521326568	psinvestor	quote	digest
https://x.com/PSInvestor/status/2107884881237966952	psinvestor	reply	no-claim
https://x.com/PSInvestor/status/2107884815966208146	psinvestor	reply	no-claim
https://x.com/PSInvestor/status/2107883008124760386	psinvestor	quote	already
https://x.com/PSInvestor/status/2107874847842086989	psinvestor	reply	keep
https://x.com/PSInvestor/status/2107874847212949884	psinvestor	reply	already
https://x.com/PSInvestor/status/2107874846478946619	psinvestor	reply	keep
https://x.com/PSInvestor/status/2107874845669437709	psinvestor	quote	keep
https://x.com/PSInvestor/status/2107869423734599722	psinvestor	quote	digest
https://x.com/PSInvestor/status/2107868179322290297	psinvestor	reply	no-claim
https://x.com/PSInvestor/status/2107858619085811818	psinvestor	reply	no-claim
https://x.com/PSInvestor/status/2107858065257365616	psinvestor	quote	keep
https://x.com/PSInvestor/status/2107855971146149903	psinvestor	quote	digest
https://x.com/PSInvestor/status/2107849173852958852	psinvestor	reply	no-claim
https://x.com/PSInvestor/status/2107848885985239049	psinvestor	reply	no-claim
https://x.com/PSInvestor/status/2107843514415698053	psinvestor	reply	no-claim
https://x.com/PSInvestor/status/2107842245781299336	psinvestor	reply	digest
https://x.com/PSInvestor/status/2107842115665637426	psinvestor	reply	digest
https://x.com/PSInvestor/status/2107841946219880882	psinvestor	reply	no-claim
https://x.com/PSInvestor/status/2107837171260666010	psinvestor	reply	no-claim
https://x.com/PSInvestor/status/2107836847686922278	psinvestor	quote	already
https://x.com/PSInvestor/status/2107836568455217487	psinvestor	reply	no-claim
https://x.com/PSInvestor/status/2107835143885115437	psinvestor	reply	no-claim
https://x.com/PSInvestor/status/2107834833171005704	psinvestor	reply	no-claim
https://x.com/PSInvestor/status/2107834768675213703	psinvestor	reply	no-claim
https://x.com/PSInvestor/status/2107834588055957652	psinvestor	reply	no-claim
https://x.com/PSInvestor/status/2107832562261602352	psinvestor	quote	keep
https://x.com/PSInvestor/status/2107832237442093141	psinvestor	quote	keep
https://x.com/PSInvestor/status/2107832017169916233	psinvestor	quote	already
https://x.com/PSInvestor/status/2107829547756622154	psinvestor	quote	keep
https://x.com/PSInvestor/status/2107828767154659506	psinvestor	quote	already
https://x.com/PSInvestor/status/2107827376008917209	psinvestor	quote	digest
https://x.com/PSInvestor/status/2107826817705099485	psinvestor	reply	no-claim
https://x.com/PSInvestor/status/2107826707118100569	psinvestor	quote	digest
https://x.com/PSInvestor/status/2107824377660416068	psinvestor	original	already
https://x.com/PSInvestor/status/2107819906448392472	psinvestor	reply	digest
https://x.com/PSInvestor/status/2107819332009161208	psinvestor	reply	no-claim
https://x.com/PSInvestor/status/2107817636986065119	psinvestor	reply	no-claim
https://x.com/PSInvestor/status/2107816203196760198	psinvestor	reply	no-claim
https://x.com/PSInvestor/status/2107816111228309871	psinvestor	reply	no-claim
https://x.com/PSInvestor/status/2107813189262147586	psinvestor	quote	digest
https://x.com/PSInvestor/status/2107812240716103933	psinvestor	quote	keep
https://x.com/PSInvestor/status/2107811822707560465	psinvestor	reply	no-claim
https://x.com/PSInvestor/status/2107811486114644047	psinvestor	quote	digest
https://x.com/PSInvestor/status/2107809401109381510	psinvestor	reply	no-claim
https://x.com/PSInvestor/status/2107809324227809572	psinvestor	reply	digest
https://x.com/PSInvestor/status/2107805624327455076	psinvestor	reply	digest
https://x.com/PSInvestor/status/2107805422845592010	psinvestor	reply	no-claim
https://x.com/PSInvestor/status/2107802727481004375	psinvestor	reply	already
https://x.com/PSInvestor/status/2107802402158166167	psinvestor	reply	no-claim
https://x.com/PSInvestor/status/2107802116928782492	psinvestor	reply	digest
https://x.com/PSInvestor/status/2107801768482701369	psinvestor	reply	no-claim
https://x.com/PSInvestor/status/2107801661351809273	psinvestor	reply	no-claim
https://x.com/PSInvestor/status/2107801564991959049	psinvestor	reply	no-claim
https://x.com/PSInvestor/status/2107800877243519212	psinvestor	reply	no-claim
https://x.com/PSInvestor/status/2107800513630933494	psinvestor	reply	digest
https://x.com/PSInvestor/status/2107800210886082594	psinvestor	reply	digest
https://x.com/PSInvestor/status/2107799287841341778	psinvestor	reply	no-claim
https://x.com/PSInvestor/status/2107798535223865757	psinvestor	reply	no-claim
https://x.com/PSInvestor/status/2107772939366285669	psinvestor	quote	digest
https://x.com/PSInvestor/status/2107679772549804059	psinvestor	reply	no-claim
https://x.com/PSInvestor/status/2107675738841436599	psinvestor	original	already
https://x.com/PSInvestor/status/2107674780950315170	psinvestor	reply	no-claim
https://x.com/PSInvestor/status/2107674780006596814	psinvestor	quote	digest
https://x.com/PSInvestor/status/2107667240162386038	psinvestor	quote	digest
https://x.com/PSInvestor/status/2107664148297589065	psinvestor	reply	no-claim
https://x.com/PSInvestor/status/2107655906658042160	psinvestor	reply	no-claim
https://x.com/PSInvestor/status/2107655785597780307	psinvestor	reply	no-claim
https://x.com/PSInvestor/status/2107655319090520340	psinvestor	reply	no-claim
https://x.com/PSInvestor/status/2107655227663065188	psinvestor	reply	no-claim
https://x.com/PSInvestor/status/2107655106992967878	psinvestor	reply	no-claim
https://x.com/PSInvestor/status/2107652127925399887	psinvestor	quote	digest
https://x.com/PSInvestor/status/2107641050248647086	psinvestor	reply	no-claim
https://x.com/PSInvestor/status/2107637039269363912	psinvestor	reply	digest
https://x.com/PSInvestor/status/2107637038254293460	psinvestor	reply	already
https://x.com/PSInvestor/status/2107637037390307667	psinvestor	quote	digest
https://x.com/PSInvestor/status/2107627818498883915	psinvestor	reply	no-claim
https://x.com/PSInvestor/status/2107627540450034137	psinvestor	reply	no-claim
https://x.com/PSInvestor/status/2107627469906026892	psinvestor	reply	digest
https://x.com/NathanCrossNC/status/2107873078470672840	NathanCrossNC	reply	promo
https://x.com/NathanCrossNC/status/2107825776544674254	NathanCrossNC	original	promo
https://x.com/jinseongeo83473/status/2108042552368943397	jinseongeo83473	original	digest
https://x.com/jinseongeo83473/status/2108041010798555316	jinseongeo83473	reply	no-claim
https://x.com/jinseongeo83473/status/2108014546724221427	jinseongeo83473	reply	no-claim
https://x.com/jinseongeo83473/status/2107989564593996262	jinseongeo83473	original	digest
https://x.com/jinseongeo83473/status/2107985660770709714	jinseongeo83473	original	opinion-position
https://x.com/jinseongeo83473/status/2107979617349071192	jinseongeo83473	quote	keep
https://x.com/jinseongeo83473/status/2107978995577037110	jinseongeo83473	original	digest
https://x.com/jinseongeo83473/status/2107978619410927756	jinseongeo83473	original	digest
https://x.com/jinseongeo83473/status/2107971321200361705	jinseongeo83473	reply	no-claim
https://x.com/jinseongeo83473/status/2107971011824210168	jinseongeo83473	reply	no-claim
https://x.com/jinseongeo83473/status/2107967611069940021	jinseongeo83473	original	teaser
https://x.com/jinseongeo83473/status/2107964111464337674	jinseongeo83473	quote	digest
https://x.com/jinseongeo83473/status/2107959577044197679	jinseongeo83473	quote	digest
https://x.com/jinseongeo83473/status/2107956409451307452	jinseongeo83473	reply	no-claim
https://x.com/jinseongeo83473/status/2107956113597694313	jinseongeo83473	quote	digest
https://x.com/jinseongeo83473/status/2107954905763975579	jinseongeo83473	reply	no-claim
https://x.com/jinseongeo83473/status/2107954097936904291	jinseongeo83473	quote	digest
https://x.com/jinseongeo83473/status/2107951244618940832	jinseongeo83473	quote	digest
https://x.com/jinseongeo83473/status/2107949155998179605	jinseongeo83473	quote	digest
https://x.com/jinseongeo83473/status/2107948947994300757	jinseongeo83473	quote	digest
https://x.com/jinseongeo83473/status/2107946944987562037	jinseongeo83473	quote	digest
https://x.com/jinseongeo83473/status/2107945717302260107	jinseongeo83473	reply	no-claim
https://x.com/jinseongeo83473/status/2107945438808789133	jinseongeo83473	quote	digest
https://x.com/jinseongeo83473/status/2107933922520895733	jinseongeo83473	reply	no-claim
https://x.com/jinseongeo83473/status/2107933619461542001	jinseongeo83473	reply	no-claim
https://x.com/jinseongeo83473/status/2107929499497287780	jinseongeo83473	quote	digest
https://x.com/jinseongeo83473/status/2107928805583278585	jinseongeo83473	quote	digest
https://x.com/jinseongeo83473/status/2107927329578356811	jinseongeo83473	reply	no-claim
https://x.com/jinseongeo83473/status/2107927062417998265	jinseongeo83473	quote	digest
https://x.com/jinseongeo83473/status/2107925396373287284	jinseongeo83473	original	digest
https://x.com/jinseongeo83473/status/2107924933762514952	jinseongeo83473	reply	no-claim
https://x.com/jinseongeo83473/status/2107924750131663223	jinseongeo83473	original	opinion-position
https://x.com/jinseongeo83473/status/2107924296836505729	jinseongeo83473	original	already
https://x.com/jinseongeo83473/status/2107923378074214742	jinseongeo83473	quote	digest
https://x.com/jinseongeo83473/status/2107923107931730308	jinseongeo83473	quote	digest
https://x.com/jinseongeo83473/status/2107922551754326453	jinseongeo83473	quote	digest
https://x.com/jinseongeo83473/status/2107922514840293586	jinseongeo83473	quote	digest
https://x.com/jinseongeo83473/status/2107922438436815243	jinseongeo83473	quote	keep
https://x.com/jinseongeo83473/status/2107922274053652495	jinseongeo83473	reply	no-claim
https://x.com/jinseongeo83473/status/2107919578294874173	jinseongeo83473	reply	no-claim
https://x.com/jinseongeo83473/status/2107918891322363939	jinseongeo83473	reply	no-claim
https://x.com/jinseongeo83473/status/2107918800587043088	jinseongeo83473	reply	no-claim
https://x.com/jinseongeo83473/status/2107917598298079580	jinseongeo83473	reply	no-claim
https://x.com/jinseongeo83473/status/2107835491882250635	jinseongeo83473	reply	no-claim
https://x.com/jinseongeo83473/status/2107832550626357433	jinseongeo83473	original	digest
https://x.com/jinseongeo83473/status/2107829748043022743	jinseongeo83473	reply	no-claim
https://x.com/jinseongeo83473/status/2107803596914090331	jinseongeo83473	reply	no-claim
https://x.com/jinseongeo83473/status/2107797533120721150	jinseongeo83473	reply	no-claim
https://x.com/jinseongeo83473/status/2107797100415394012	jinseongeo83473	quote	opinion-position
https://x.com/jinseongeo83473/status/2107772376817844352	jinseongeo83473	reply	no-claim
https://x.com/jinseongeo83473/status/2107766942719451399	jinseongeo83473	reply	no-claim
https://x.com/jinseongeo83473/status/2107766502258884970	jinseongeo83473	reply	no-claim
https://x.com/jinseongeo83473/status/2107764329739366608	jinseongeo83473	reply	no-claim
https://x.com/jinseongeo83473/status/2107764196322779366	jinseongeo83473	reply	no-claim
https://x.com/jinseongeo83473/status/2107762325587628118	jinseongeo83473	reply	no-claim
https://x.com/jinseongeo83473/status/2107760555780186275	jinseongeo83473	reply	no-claim
https://x.com/jinseongeo83473/status/2107760266738098453	jinseongeo83473	reply	no-claim
https://x.com/jinseongeo83473/status/2107760042036625642	jinseongeo83473	reply	no-claim
https://x.com/jinseongeo83473/status/2107750850559173109	jinseongeo83473	reply	no-claim
https://x.com/jinseongeo83473/status/2107746457977827378	jinseongeo83473	reply	no-claim
https://x.com/jinseongeo83473/status/2107743329219912085	jinseongeo83473	reply	no-claim
https://x.com/jinseongeo83473/status/2107739226284630135	jinseongeo83473	original	digest
https://x.com/jinseongeo83473/status/2107730783826059568	jinseongeo83473	reply	digest
https://x.com/jinseongeo83473/status/2107723345173328171	jinseongeo83473	reply	no-claim
https://x.com/jinseongeo83473/status/2107722780192207193	jinseongeo83473	reply	no-claim
https://x.com/jinseongeo83473/status/2107722107195158851	jinseongeo83473	reply	digest
https://x.com/jinseongeo83473/status/2107715037028655430	jinseongeo83473	reply	no-claim
https://x.com/jinseongeo83473/status/2107714712297476511	jinseongeo83473	reply	no-claim
https://x.com/jinseongeo83473/status/2107711678867718463	jinseongeo83473	quote	digest
https://x.com/jinseongeo83473/status/2107709414891557320	jinseongeo83473	reply	digest
https://x.com/jinseongeo83473/status/2107707673890390202	jinseongeo83473	original	digest
https://x.com/jinseongeo83473/status/2107705651267092519	jinseongeo83473	original	digest
https://x.com/jinseongeo83473/status/2107693801947197812	jinseongeo83473	quote	digest
https://x.com/jinseongeo83473/status/2107689506048823396	jinseongeo83473	quote	digest
https://x.com/jinseongeo83473/status/2107657287443816523	jinseongeo83473	original	digest
https://x.com/jinseongeo83473/status/2107650741007761746	jinseongeo83473	quote	keep
https://x.com/jinseongeo83473/status/2107647872770699300	jinseongeo83473	quote	digest
https://x.com/jinseongeo83473/status/2107644056629338497	jinseongeo83473	original	digest
https://x.com/Semiconsight/status/2108023580353327414	semiconsight	reply	no-claim
https://x.com/Semiconsight/status/2108023203717411221	semiconsight	reply	no-claim
https://x.com/Semiconsight/status/2108022587783774543	semiconsight	reply	no-claim
https://x.com/Semiconsight/status/2108022453066940654	semiconsight	reply	no-claim
https://x.com/Semiconsight/status/2108022356132483243	semiconsight	reply	no-claim
https://x.com/Semiconsight/status/2108015924242759708	semiconsight	reply	no-claim
https://x.com/Semiconsight/status/2108015780906614979	semiconsight	reply	no-claim
https://x.com/Semiconsight/status/2108015617500741912	semiconsight	reply	no-claim
https://x.com/Semiconsight/status/2108006433430405264	semiconsight	reply	no-claim
https://x.com/Semiconsight/status/2108003637557617151	semiconsight	reply	no-claim
https://x.com/Semiconsight/status/2108001691354443831	semiconsight	reply	no-claim
https://x.com/Semiconsight/status/2108001485028241719	semiconsight	reply	no-claim
https://x.com/Semiconsight/status/2107999837279191072	semiconsight	reply	no-claim
https://x.com/Semiconsight/status/2107999735072350422	semiconsight	reply	no-claim
https://x.com/Semiconsight/status/2107995492982628466	semiconsight	reply	no-claim
https://x.com/Semiconsight/status/2107995440260276635	semiconsight	quote	digest
https://x.com/Semiconsight/status/2107995004367221110	semiconsight	reply	no-claim
https://x.com/Semiconsight/status/2107994886335266842	semiconsight	reply	no-claim
https://x.com/Semiconsight/status/2107994821608804595	semiconsight	reply	digest
https://x.com/Semiconsight/status/2107994581929451634	semiconsight	reply	no-claim
https://x.com/Semiconsight/status/2107994242178228692	semiconsight	reply	no-claim
https://x.com/Semiconsight/status/2107994107981537461	semiconsight	quote	digest
https://x.com/Semiconsight/status/2107993980168532333	semiconsight	reply	no-claim
https://x.com/Semiconsight/status/2107993809229636051	semiconsight	reply	no-claim
https://x.com/Semiconsight/status/2107993657127391315	semiconsight	reply	no-claim
https://x.com/Semiconsight/status/2107992702600302734	semiconsight	reply	no-claim
https://x.com/Semiconsight/status/2107992266640085228	semiconsight	reply	no-claim
https://x.com/Semiconsight/status/2107992049110921285	semiconsight	reply	no-claim
https://x.com/Semiconsight/status/2107991926838534585	semiconsight	reply	no-claim
https://x.com/Semiconsight/status/2107991445101830422	semiconsight	quote	already
https://x.com/Semiconsight/status/2107990997594751132	semiconsight	reply	no-claim
https://x.com/Semiconsight/status/2107990763527372830	semiconsight	reply	no-claim
https://x.com/Semiconsight/status/2107989189451276316	semiconsight	reply	no-claim
https://x.com/Semiconsight/status/2107988982160359486	semiconsight	reply	no-claim
https://x.com/Semiconsight/status/2107988051029024937	semiconsight	reply	digest
https://x.com/Semiconsight/status/2107987266564157904	semiconsight	reply	digest
https://x.com/Semiconsight/status/2107970300944240695	semiconsight	reply	no-claim
https://x.com/Semiconsight/status/2107970014708138084	semiconsight	reply	no-claim
https://x.com/Semiconsight/status/2107969897175318797	semiconsight	reply	no-claim
https://x.com/Semiconsight/status/2107968911086133520	semiconsight	reply	no-claim
https://x.com/Semiconsight/status/2107937653048111135	semiconsight	quote	digest
https://x.com/Semiconsight/status/2107937232057426072	semiconsight	reply	no-claim
https://x.com/Semiconsight/status/2107936845883727993	semiconsight	reply	no-claim
https://x.com/Semiconsight/status/2107936781153059124	semiconsight	reply	no-claim
https://x.com/Semiconsight/status/2107858264310546531	semiconsight	reply	no-claim
https://x.com/Semiconsight/status/2107856507434066182	semiconsight	reply	no-claim
https://x.com/Semiconsight/status/2107855835934359678	semiconsight	reply	no-claim
https://x.com/Semiconsight/status/2107854279004635246	semiconsight	reply	no-claim
https://x.com/Semiconsight/status/2107854202236174732	semiconsight	reply	no-claim
https://x.com/Semiconsight/status/2107852226039521522	semiconsight	quote	digest
https://x.com/Semiconsight/status/2107851051915468837	semiconsight	reply	no-claim
https://x.com/Semiconsight/status/2107850847401173488	semiconsight	reply	no-claim
https://x.com/Semiconsight/status/2107850757424951478	semiconsight	reply	no-claim
https://x.com/Semiconsight/status/2107849992451117313	semiconsight	reply	no-claim
https://x.com/Semiconsight/status/2107849618021335051	semiconsight	reply	no-claim
https://x.com/Semiconsight/status/2107849061604979181	semiconsight	reply	no-claim
https://x.com/Semiconsight/status/2107848969170948236	semiconsight	reply	no-claim
https://x.com/Semiconsight/status/2107846978289942930	semiconsight	reply	no-claim
https://x.com/Semiconsight/status/2107846391037133053	semiconsight	reply	no-claim
https://x.com/Semiconsight/status/2107845821777825825	semiconsight	reply	no-claim
https://x.com/Semiconsight/status/2107845431271334241	semiconsight	reply	no-claim
https://x.com/Semiconsight/status/2107844575696163190	semiconsight	reply	no-claim
https://x.com/Semiconsight/status/2107844378580734014	semiconsight	reply	no-claim
https://x.com/Semiconsight/status/2107842249078006154	semiconsight	reply	no-claim
https://x.com/Semiconsight/status/2107841726165791143	semiconsight	reply	no-claim
https://x.com/Semiconsight/status/2107816068458959197	semiconsight	quote	digest
https://x.com/Semiconsight/status/2107800691645534577	semiconsight	quote	digest
https://x.com/Semiconsight/status/2107783487730168222	semiconsight	quote	digest
https://x.com/Semiconsight/status/2107737041224245715	semiconsight	original	keep
https://x.com/Semiconsight/status/2107725491621015682	semiconsight	quote	digest
